Try number,First experiment,Second experiment
1,5,5
2,6,4
3,5,6
4,6,5
5,3,5
6,4,5
7,6,3
8,6,5
9,5,6
10,4,5
11,5,5
12,2,4
13,3,3
14,4,7
15,5,5
16,3,6
17,6,6
18,5,5
19,5,5
20,4,6
21,2,4
22,4,5
23,5,5
24,5,4
25,4,5
26,4,6
27,3,4
28,6,6
29,5,5
30,3,5
,4.5333333,4.8
,1.414213562,0
,0.042112516,
